type,code,fullCode,name,provinsiCode,createdAt,updatedAt
kabupaten_kota,10,1110,KAB. BIREUEN,11,2025-07-25T15:55:17.783Z,2025-07-25T15:55:17.783Z
kabupaten_kota,11,1111,KAB. ACEH UTARA,11,2025-07-25T15:55:17.783Z,2025-07-25T15:55:17.783Z
kabupaten_kota,12,1112,KAB. ACEH BARAT DAYA,11,2025-07-25T15:55:17.783Z,2025-07-25T15:55:17.783Z
kabupaten_kota,13,1113,KAB. GAYO LUES,11,2025-07-25T15:55:17.783Z,2025-07-25T15:55:17.783Z
kabupaten_kota,14,1114,KAB. ACEH TAMIANG,11,2025-07-25T15:55:17.783Z,2025-07-25T15:55:17.783Z
kabupaten_kota,15,1115,KAB. NAGAN RAYA,11,2025-07-25T15:55:17.783Z,2025-07-25T15:55:17.783Z
kabupaten_kota,16,1116,KAB. ACEH JAYA,11,2025-07-25T15:55:17.783Z,2025-07-25T15:55:17.783Z
kabupaten_kota,17,1117,KAB. BENER MERIAH,11,2025-07-25T15:55:17.783Z,2025-07-25T15:55:17.783Z
kabupaten_kota,18,1118,KAB. PIDIE JAYA,11,2025-07-25T15:55:17.783Z,2025-07-25T15:55:17.783Z
kabupaten_kota,71,1171,KOTA BANDA ACEH,11,2025-07-25T15:55:17.783Z,2025-07-25T15:55:17.783Z
kabupaten_kota,72,1172,KOTA SABANG,11,2025-07-25T15:55:17.783Z,2025-07-25T15:55:17.783Z
kabupaten_kota,73,1173,KOTA LANGSA,11,2025-07-25T15:55:17.783Z,2025-07-25T15:55:17.783Z
kabupaten_kota,74,1174,KOTA LHOKSEUMAWE,11,2025-07-25T15:55:17.783Z,2025-07-25T15:55:17.783Z
kabupaten_kota,75,1175,KOTA SUBULUSSALAM,11,2025-07-25T15:55:17.783Z,2025-07-25T15:55:17.783Z
kabupaten_kota,01,1101,KAB. SIMEULUE,11,2025-07-25T15:55:17.783Z,2025-07-25T15:55:17.783Z
kabupaten_kota,02,1102,KAB. ACEH SINGKIL,11,2025-07-25T15:55:17.783Z,2025-07-25T15:55:17.783Z
kabupaten_kota,03,1103,KAB. ACEH SELATAN,11,2025-07-25T15:55:17.783Z,2025-07-25T15:55:17.783Z
kabupaten_kota,04,1104,KAB. ACEH TENGGARA,11,2025-07-25T15:55:17.783Z,2025-07-25T15:55:17.783Z
kabupaten_kota,05,1105,KAB. ACEH TIMUR,11,2025-07-25T15:55:17.783Z,2025-07-25T15:55:17.783Z
kabupaten_kota,06,1106,KAB. ACEH TENGAH,11,2025-07-25T15:55:17.783Z,2025-07-25T15:55:17.783Z
kabupaten_kota,07,1107,KAB. ACEH BARAT,11,2025-07-25T15:55:17.783Z,2025-07-25T15:55:17.783Z
kabupaten_kota,08,1108,KAB. ACEH BESAR,11,2025-07-25T15:55:17.783Z,2025-07-25T15:55:17.783Z
kabupaten_kota,09,1109,KAB. PIDIE,11,2025-07-25T15:55:17.783Z,2025-07-25T15:55:17.783Z
kabupaten_kota,10,1210,KAB. DAIRI,12,2025-07-25T15:55:17.783Z,2025-07-25T15:55:17.783Z
kabupaten_kota,11,1211,KAB. KARO,12,2025-07-25T15:55:17.783Z,2025-07-25T15:55:17.783Z
kabupaten_kota,12,1212,KAB. DELI SERDANG,12,2025-07-25T15:55:17.783Z,2025-07-25T15:55:17.783Z
kabupaten_kota,13,1213,KAB. LANGKAT,12,2025-07-25T15:55:17.783Z,2025-07-25T15:55:17.783Z
kabupaten_kota,14,1214,KAB. NIAS SELATAN,12,2025-07-25T15:55:17.783Z,2025-07-25T15:55:17.783Z
kabupaten_kota,15,1215,KAB. HUMBANG HASUNDUTAN,12,2025-07-25T15:55:17.783Z,2025-07-25T15:55:17.783Z
kabupaten_kota,16,1216,KAB. PAKPAK BHARAT,12,2025-07-25T15:55:17.783Z,2025-07-25T15:55:17.783Z
kabupaten_kota,17,1217,KAB. SAMOSIR,12,2025-07-25T15:55:17.783Z,2025-07-25T15:55:17.783Z
kabupaten_kota,18,1218,KAB. SERDANG BEDAGAI,12,2025-07-25T15:55:17.783Z,2025-07-25T15:55:17.783Z
kabupaten_kota,19,1219,KAB. BATU BARA,12,2025-07-25T15:55:17.783Z,2025-07-25T15:55:17.783Z
kabupaten_kota,20,1220,KAB. PADANG LAWAS UTARA,12,2025-07-25T15:55:17.783Z,2025-07-25T15:55:17.783Z
kabupaten_kota,21,1221,KAB. PADANG LAWAS,12,2025-07-25T15:55:17.783Z,2025-07-25T15:55:17.783Z
kabupaten_kota,22,1222,KAB. LABUHANBATU SELATAN,12,2025-07-25T15:55:17.783Z,2025-07-25T15:55:17.783Z
kabupaten_kota,23,1223,KAB. LABUHANBATU UTARA,12,2025-07-25T15:55:17.783Z,2025-07-25T15:55:17.783Z
kabupaten_kota,24,1224,KAB. NIAS UTARA,12,2025-07-25T15:55:17.783Z,2025-07-25T15:55:17.783Z
kabupaten_kota,25,1225,KAB. NIAS BARAT,12,2025-07-25T15:55:17.783Z,2025-07-25T15:55:17.783Z
kabupaten_kota,71,1271,KOTA SIBOLGA,12,2025-07-25T15:55:17.783Z,2025-07-25T15:55:17.783Z
kabupaten_kota,72,1272,KOTA TANJUNG BALAI,12,2025-07-25T15:55:17.783Z,2025-07-25T15:55:17.783Z
kabupaten_kota,73,1273,KOTA PEMATANGSIANTAR,12,2025-07-25T15:55:17.783Z,2025-07-25T15:55:17.783Z
kabupaten_kota,74,1274,KOTA TEBING TINGGI,12,2025-07-25T15:55:17.783Z,2025-07-25T15:55:17.783Z
kabupaten_kota,75,1275,KOTA MEDAN,12,2025-07-25T15:55:17.783Z,2025-07-25T15:55:17.783Z
kabupaten_kota,76,1276,KOTA BINJAI,12,2025-07-25T15:55:17.783Z,2025-07-25T15:55:17.783Z
kabupaten_kota,77,1277,KOTA PADANG SIDEMPUAN,12,2025-07-25T15:55:17.783Z,2025-07-25T15:55:17.783Z
kabupaten_kota,78,1278,KOTA GUNUNGSITOLI,12,2025-07-25T15:55:17.783Z,2025-07-25T15:55:17.783Z
kabupaten_kota,01,1201,KAB. NIAS,12,2025-07-25T15:55:17.783Z,2025-07-25T15:55:17.783Z
kabupaten_kota,02,1202,KAB. MANDAILING NATAL,12,2025-07-25T15:55:17.783Z,2025-07-25T15:55:17.783Z
kabupaten_kota,03,1203,KAB. TAPANULI SELATAN,12,2025-07-25T15:55:17.783Z,2025-07-25T15:55:17.783Z
kabupaten_kota,04,1204,KAB. TAPANULI TENGAH,12,2025-07-25T15:55:17.783Z,2025-07-25T15:55:17.783Z
kabupaten_kota,05,1205,KAB. TAPANULI UTARA,12,2025-07-25T15:55:17.783Z,2025-07-25T15:55:17.783Z
kabupaten_kota,06,1206,KAB. TOBA,12,2025-07-25T15:55:17.783Z,2025-07-25T15:55:17.783Z
kabupaten_kota,07,1207,KAB. LABUHANBATU,12,2025-07-25T15:55:17.783Z,2025-07-25T15:55:17.783Z
kabupaten_kota,08,1208,KAB. ASAHAN,12,2025-07-25T15:55:17.783Z,2025-07-25T15:55:17.783Z
kabupaten_kota,09,1209,KAB. SIMALUNGUN,12,2025-07-25T15:55:17.783Z,2025-07-25T15:55:17.783Z
kabupaten_kota,10,1310,KAB. SOLOK SELATAN,13,2025-07-25T15:55:17.783Z,2025-07-25T15:55:17.783Z
kabupaten_kota,11,1311,KAB. DHARMASRAYA,13,2025-07-25T15:55:17.783Z,2025-07-25T15:55:17.783Z
kabupaten_kota,12,1312,KAB. PASAMAN BARAT,13,2025-07-25T15:55:17.783Z,2025-07-25T15:55:17.783Z
kabupaten_kota,71,1371,KOTA PADANG,13,2025-07-25T15:55:17.783Z,2025-07-25T15:55:17.783Z
kabupaten_kota,72,1372,KOTA SOLOK,13,2025-07-25T15:55:17.783Z,2025-07-25T15:55:17.783Z
kabupaten_kota,73,1373,KOTA SAWAHLUNTO,13,2025-07-25T15:55:17.783Z,2025-07-25T15:55:17.783Z
kabupaten_kota,74,1374,KOTA PADANG PANJANG,13,2025-07-25T15:55:17.783Z,2025-07-25T15:55:17.783Z
kabupaten_kota,75,1375,KOTA BUKITTINGGI,13,2025-07-25T15:55:17.783Z,2025-07-25T15:55:17.783Z
kabupaten_kota,76,1376,KOTA PAYAKUMBUH,13,2025-07-25T15:55:17.783Z,2025-07-25T15:55:17.783Z
kabupaten_kota,77,1377,KOTA PARIAMAN,13,2025-07-25T15:55:17.783Z,2025-07-25T15:55:17.783Z
kabupaten_kota,01,1301,KAB. KEPULAUAN MENTAWAI,13,2025-07-25T15:55:17.783Z,2025-07-25T15:55:17.783Z
kabupaten_kota,02,1302,KAB. PESISIR SELATAN,13,2025-07-25T15:55:17.783Z,2025-07-25T15:55:17.783Z
kabupaten_kota,03,1303,KAB. SOLOK,13,2025-07-25T15:55:17.783Z,2025-07-25T15:55:17.783Z
kabupaten_kota,04,1304,KAB. SIJUNJUNG,13,2025-07-25T15:55:17.783Z,2025-07-25T15:55:17.783Z
kabupaten_kota,05,1305,KAB. TANAH DATAR,13,2025-07-25T15:55:17.783Z,2025-07-25T15:55:17.783Z
kabupaten_kota,06,1306,KAB. PADANG PARIAMAN,13,2025-07-25T15:55:17.783Z,2025-07-25T15:55:17.783Z
kabupaten_kota,07,1307,KAB. AGAM,13,2025-07-25T15:55:17.783Z,2025-07-25T15:55:17.783Z
kabupaten_kota,08,1308,KAB. LIMA PULUH KOTA,13,2025-07-25T15:55:17.783Z,2025-07-25T15:55:17.783Z
kabupaten_kota,09,1309,KAB. PASAMAN,13,2025-07-25T15:55:17.783Z,2025-07-25T15:55:17.783Z
kabupaten_kota,10,1410,KAB. KEPULAUAN MERANTI,14,2025-07-25T15:55:17.783Z,2025-07-25T15:55:17.783Z
kabupaten_kota,71,1471,KOTA PEKANBARU,14,2025-07-25T15:55:17.783Z,2025-07-25T15:55:17.783Z
kabupaten_kota,73,1473,KOTA DUMAI,14,2025-07-25T15:55:17.783Z,2025-07-25T15:55:17.783Z
kabupaten_kota,01,1401,KAB. KUANTAN SINGINGI,14,2025-07-25T15:55:17.783Z,2025-07-25T15:55:17.783Z
kabupaten_kota,02,1402,KAB. INDRAGIRI HULU,14,2025-07-25T15:55:17.783Z,2025-07-25T15:55:17.783Z
kabupaten_kota,03,1403,KAB. INDRAGIRI HILIR,14,2025-07-25T15:55:17.783Z,2025-07-25T15:55:17.783Z
kabupaten_kota,04,1404,KAB. PELALAWAN,14,2025-07-25T15:55:17.783Z,2025-07-25T15:55:17.783Z
kabupaten_kota,05,1405,KAB. SIAK,14,2025-07-25T15:55:17.783Z,2025-07-25T15:55:17.783Z
kabupaten_kota,06,1406,KAB. KAMPAR,14,2025-07-25T15:55:17.783Z,2025-07-25T15:55:17.783Z
kabupaten_kota,07,1407,KAB. ROKAN HULU,14,2025-07-25T15:55:17.783Z,2025-07-25T15:55:17.783Z
kabupaten_kota,08,1408,KAB. BENGKALIS,14,2025-07-25T15:55:17.783Z,2025-07-25T15:55:17.783Z
kabupaten_kota,09,1409,KAB. ROKAN HILIR,14,2025-07-25T15:55:17.783Z,2025-07-25T15:55:17.783Z
kabupaten_kota,71,1571,KOTA JAMBI,15,2025-07-25T15:55:17.783Z,2025-07-25T15:55:17.783Z
kabupaten_kota,72,1572,KOTA SUNGAI PENUH,15,2025-07-25T15:55:17.783Z,2025-07-25T15:55:17.783Z
kabupaten_kota,01,1501,KAB. KERINCI,15,2025-07-25T15:55:17.783Z,2025-07-25T15:55:17.783Z
kabupaten_kota,02,1502,KAB. MERANGIN,15,2025-07-25T15:55:17.783Z,2025-07-25T15:55:17.783Z
kabupaten_kota,03,1503,KAB. SAROLANGUN,15,2025-07-25T15:55:17.783Z,2025-07-25T15:55:17.783Z
kabupaten_kota,04,1504,KAB. BATANGHARI,15,2025-07-25T15:55:17.783Z,2025-07-25T15:55:17.783Z
kabupaten_kota,05,1505,KAB. MUARO JAMBI,15,2025-07-25T15:55:17.783Z,2025-07-25T15:55:17.783Z
kabupaten_kota,06,1506,KAB. TANJUNG JABUNG TIMUR,15,2025-07-25T15:55:17.783Z,2025-07-25T15:55:17.783Z
kabupaten_kota,07,1507,KAB. TANJUNG JABUNG BARAT,15,2025-07-25T15:55:17.783Z,2025-07-25T15:55:17.783Z
kabupaten_kota,08,1508,KAB. TEBO,15,2025-07-25T15:55:17.783Z,2025-07-25T15:55:17.783Z
kabupaten_kota,09,1509,KAB. BUNGO,15,2025-07-25T15:55:17.783Z,2025-07-25T15:55:17.783Z
kabupaten_kota,10,1610,KAB. OGAN ILIR,16,2025-07-25T15:55:17.783Z,2025-07-25T15:55:17.783Z
kabupaten_kota,11,1611,KAB. EMPAT LAWANG,16,2025-07-25T15:55:17.783Z,2025-07-25T15:55:17.783Z
kabupaten_kota,12,1612,"KAB. PENUKAL ABAB LEMATANG
ILIR",16,2025-07-25T15:55:17.783Z,2025-07-25T15:55:17.783Z
kabupaten_kota,13,1613,KAB. MUSI RAWAS UTARA,16,2025-07-25T15:55:17.783Z,2025-07-25T15:55:17.783Z
kabupaten_kota,71,1671,KOTA PALEMBANG,16,2025-07-25T15:55:17.783Z,2025-07-25T15:55:17.783Z
kabupaten_kota,72,1672,KOTA PRABUMULIH,16,2025-07-25T15:55:17.783Z,2025-07-25T15:55:17.783Z
kabupaten_kota,73,1673,KOTA PAGAR ALAM,16,2025-07-25T15:55:17.783Z,2025-07-25T15:55:17.783Z
kabupaten_kota,74,1674,KOTA LUBUK LINGGAU,16,2025-07-25T15:55:17.783Z,2025-07-25T15:55:17.783Z
kabupaten_kota,01,1601,KAB. OGAN KOMERING ULU,16,2025-07-25T15:55:17.783Z,2025-07-25T15:55:17.783Z
kabupaten_kota,02,1602,KAB. OGAN KOMERING ILIR,16,2025-07-25T15:55:17.783Z,2025-07-25T15:55:17.783Z
kabupaten_kota,03,1603,KAB. MUARA ENIM,16,2025-07-25T15:55:17.783Z,2025-07-25T15:55:17.783Z
kabupaten_kota,04,1604,KAB. LAHAT,16,2025-07-25T15:55:17.783Z,2025-07-25T15:55:17.783Z
kabupaten_kota,05,1605,KAB. MUSI RAWAS,16,2025-07-25T15:55:17.783Z,2025-07-25T15:55:17.783Z
kabupaten_kota,06,1606,KAB. MUSI BANYUASIN,16,2025-07-25T15:55:17.783Z,2025-07-25T15:55:17.783Z
kabupaten_kota,07,1607,KAB. BANYUASIN,16,2025-07-25T15:55:17.783Z,2025-07-25T15:55:17.783Z
kabupaten_kota,08,1608,"KAB. OGAN KOMERING ULU
SELATAN",16,2025-07-25T15:55:17.783Z,2025-07-25T15:55:17.783Z
kabupaten_kota,09,1609,KAB. OGAN KOMERING ULU TIMUR,16,2025-07-25T15:55:17.783Z,2025-07-25T15:55:17.783Z
kabupaten_kota,71,1771,KOTA BENGKULU,17,2025-07-25T15:55:17.783Z,2025-07-25T15:55:17.783Z
kabupaten_kota,01,1701,KAB. BENGKULU SELATAN,17,2025-07-25T15:55:17.783Z,2025-07-25T15:55:17.783Z
kabupaten_kota,02,1702,KAB. REJANG LEBONG,17,2025-07-25T15:55:17.783Z,2025-07-25T15:55:17.783Z
kabupaten_kota,03,1703,KAB. BENGKULU UTARA,17,2025-07-25T15:55:17.783Z,2025-07-25T15:55:17.783Z
kabupaten_kota,04,1704,KAB. KAUR,17,2025-07-25T15:55:17.783Z,2025-07-25T15:55:17.783Z
kabupaten_kota,05,1705,KAB. SELUMA,17,2025-07-25T15:55:17.783Z,2025-07-25T15:55:17.783Z
kabupaten_kota,06,1706,KAB. MUKO MUKO,17,2025-07-25T15:55:17.783Z,2025-07-25T15:55:17.783Z
kabupaten_kota,07,1707,KAB. LEBONG,17,2025-07-25T15:55:17.783Z,2025-07-25T15:55:17.783Z
kabupaten_kota,08,1708,KAB. KEPAHIANG,17,2025-07-25T15:55:17.783Z,2025-07-25T15:55:17.783Z
kabupaten_kota,09,1709,KAB. BENGKULU TENGAH,17,2025-07-25T15:55:17.783Z,2025-07-25T15:55:17.783Z
kabupaten_kota,10,1810,KAB. PRINGSEWU,18,2025-07-25T15:55:17.783Z,2025-07-25T15:55:17.783Z
kabupaten_kota,11,1811,KAB. MESUJI,18,2025-07-25T15:55:17.783Z,2025-07-25T15:55:17.783Z
kabupaten_kota,12,1812,KAB. TULANG BAWANG BARAT,18,2025-07-25T15:55:17.783Z,2025-07-25T15:55:17.783Z
kabupaten_kota,13,1813,KAB. PESISIR BARAT,18,2025-07-25T15:55:17.783Z,2025-07-25T15:55:17.783Z
kabupaten_kota,71,1871,KOTA BANDAR LAMPUNG,18,2025-07-25T15:55:17.783Z,2025-07-25T15:55:17.783Z
kabupaten_kota,72,1872,KOTA METRO,18,2025-07-25T15:55:17.783Z,2025-07-25T15:55:17.783Z
kabupaten_kota,01,1801,KAB. LAMPUNG BARAT,18,2025-07-25T15:55:17.783Z,2025-07-25T15:55:17.783Z
kabupaten_kota,02,1802,KAB. TANGGAMUS,18,2025-07-25T15:55:17.783Z,2025-07-25T15:55:17.783Z
kabupaten_kota,03,1803,KAB. LAMPUNG SELATAN,18,2025-07-25T15:55:17.783Z,2025-07-25T15:55:17.783Z
kabupaten_kota,04,1804,KAB. LAMPUNG TIMUR,18,2025-07-25T15:55:17.783Z,2025-07-25T15:55:17.783Z
kabupaten_kota,05,1805,KAB. LAMPUNG TENGAH,18,2025-07-25T15:55:17.783Z,2025-07-25T15:55:17.783Z
kabupaten_kota,06,1806,KAB. LAMPUNG UTARA,18,2025-07-25T15:55:17.783Z,2025-07-25T15:55:17.783Z
kabupaten_kota,07,1807,KAB. WAY KANAN,18,2025-07-25T15:55:17.783Z,2025-07-25T15:55:17.783Z
kabupaten_kota,08,1808,KAB. TULANG BAWANG,18,2025-07-25T15:55:17.783Z,2025-07-25T15:55:17.783Z
kabupaten_kota,09,1809,KAB. PESAWARAN,18,2025-07-25T15:55:17.783Z,2025-07-25T15:55:17.783Z
kabupaten_kota,71,1971,KOTA PANGKAL PINANG,19,2025-07-25T15:55:17.783Z,2025-07-25T15:55:17.783Z
kabupaten_kota,01,1901,KAB. BANGKA,19,2025-07-25T15:55:17.783Z,2025-07-25T15:55:17.783Z
kabupaten_kota,02,1902,KAB. BELITUNG,19,2025-07-25T15:55:17.783Z,2025-07-25T15:55:17.783Z
kabupaten_kota,03,1903,KAB. BANGKA BARAT,19,2025-07-25T15:55:17.783Z,2025-07-25T15:55:17.783Z
kabupaten_kota,04,1904,KAB. BANGKA TENGAH,19,2025-07-25T15:55:17.783Z,2025-07-25T15:55:17.783Z
kabupaten_kota,05,1905,KAB. BANGKA SELATAN,19,2025-07-25T15:55:17.783Z,2025-07-25T15:55:17.783Z
kabupaten_kota,06,1906,KAB. BELITUNG TIMUR,19,2025-07-25T15:55:17.783Z,2025-07-25T15:55:17.783Z
kabupaten_kota,71,2171,KOTA BATAM,21,2025-07-25T15:55:17.783Z,2025-07-25T15:55:17.783Z
kabupaten_kota,72,2172,KOTA TANJUNG PINANG,21,2025-07-25T15:55:17.783Z,2025-07-25T15:55:17.783Z
kabupaten_kota,01,2101,KAB. KARIMUN,21,2025-07-25T15:55:17.783Z,2025-07-25T15:55:17.783Z
kabupaten_kota,02,2102,KAB. BINTAN,21,2025-07-25T15:55:17.783Z,2025-07-25T15:55:17.783Z
kabupaten_kota,03,2103,KAB. NATUNA,21,2025-07-25T15:55:17.783Z,2025-07-25T15:55:17.783Z
kabupaten_kota,04,2104,KAB. LINGGA,21,2025-07-25T15:55:17.783Z,2025-07-25T15:55:17.783Z
kabupaten_kota,05,2105,KAB. KEPULAUAN ANAMBAS,21,2025-07-25T15:55:17.783Z,2025-07-25T15:55:17.783Z
kabupaten_kota,71,3171,KOTA ADM. JAKARTA SELATAN,31,2025-07-25T15:55:17.783Z,2025-07-25T15:55:17.783Z
kabupaten_kota,72,3172,KOTA ADM. JAKARTA TIMUR,31,2025-07-25T15:55:17.783Z,2025-07-25T15:55:17.783Z
kabupaten_kota,73,3173,KOTA ADM. JAKARTA PUSAT,31,2025-07-25T15:55:17.783Z,2025-07-25T15:55:17.783Z
kabupaten_kota,74,3174,KOTA ADM. JAKARTA BARAT,31,2025-07-25T15:55:17.783Z,2025-07-25T15:55:17.783Z
kabupaten_kota,75,3175,KOTA ADM. JAKARTA UTARA,31,2025-07-25T15:55:17.783Z,2025-07-25T15:55:17.783Z
kabupaten_kota,01,3101,KAB. ADM. KEP. SERIBU,31,2025-07-25T15:55:17.783Z,2025-07-25T15:55:17.783Z
kabupaten_kota,10,3210,KAB. MAJALENGKA,32,2025-07-25T15:55:17.783Z,2025-07-25T15:55:17.783Z
kabupaten_kota,11,3211,KAB. SUMEDANG,32,2025-07-25T15:55:17.783Z,2025-07-25T15:55:17.783Z
kabupaten_kota,12,3212,KAB. INDRAMAYU,32,2025-07-25T15:55:17.783Z,2025-07-25T15:55:17.783Z
kabupaten_kota,13,3213,KAB. SUBANG,32,2025-07-25T15:55:17.783Z,2025-07-25T15:55:17.783Z
kabupaten_kota,14,3214,KAB. PURWAKARTA,32,2025-07-25T15:55:17.783Z,2025-07-25T15:55:17.783Z
kabupaten_kota,15,3215,KAB. KARAWANG,32,2025-07-25T15:55:17.783Z,2025-07-25T15:55:17.783Z
kabupaten_kota,16,3216,KAB. BEKASI,32,2025-07-25T15:55:17.783Z,2025-07-25T15:55:17.783Z
kabupaten_kota,17,3217,KAB. BANDUNG BARAT,32,2025-07-25T15:55:17.783Z,2025-07-25T15:55:17.783Z
kabupaten_kota,18,3218,KAB. PANGANDARAN,32,2025-07-25T15:55:17.783Z,2025-07-25T15:55:17.783Z
kabupaten_kota,71,3271,KOTA BOGOR,32,2025-07-25T15:55:17.783Z,2025-07-25T15:55:17.783Z
kabupaten_kota,72,3272,KOTA SUKABUMI,32,2025-07-25T15:55:17.783Z,2025-07-25T15:55:17.783Z
kabupaten_kota,73,3273,KOTA BANDUNG,32,2025-07-25T15:55:17.783Z,2025-07-25T15:55:17.783Z
kabupaten_kota,74,3274,KOTA CIREBON,32,2025-07-25T15:55:17.783Z,2025-07-25T15:55:17.783Z
kabupaten_kota,75,3275,KOTA BEKASI,32,2025-07-25T15:55:17.783Z,2025-07-25T15:55:17.783Z
kabupaten_kota,76,3276,KOTA DEPOK,32,2025-07-25T15:55:17.783Z,2025-07-25T15:55:17.783Z
kabupaten_kota,77,3277,KOTA CIMAHI,32,2025-07-25T15:55:17.783Z,2025-07-25T15:55:17.783Z
kabupaten_kota,78,3278,KOTA TASIKMALAYA,32,2025-07-25T15:55:17.783Z,2025-07-25T15:55:17.783Z
kabupaten_kota,79,3279,KOTA BANJAR,32,2025-07-25T15:55:17.783Z,2025-07-25T15:55:17.783Z
kabupaten_kota,01,3201,KAB. BOGOR,32,2025-07-25T15:55:17.783Z,2025-07-25T15:55:17.783Z
kabupaten_kota,02,3202,KAB. SUKABUMI,32,2025-07-25T15:55:17.783Z,2025-07-25T15:55:17.783Z
kabupaten_kota,03,3203,KAB. CIANJUR,32,2025-07-25T15:55:17.783Z,2025-07-25T15:55:17.783Z
kabupaten_kota,04,3204,KAB. BANDUNG,32,2025-07-25T15:55:17.783Z,2025-07-25T15:55:17.783Z
kabupaten_kota,05,3205,KAB. GARUT,32,2025-07-25T15:55:17.783Z,2025-07-25T15:55:17.783Z
kabupaten_kota,06,3206,KAB. TASIKMALAYA,32,2025-07-25T15:55:17.783Z,2025-07-25T15:55:17.783Z
kabupaten_kota,07,3207,KAB. CIAMIS,32,2025-07-25T15:55:17.783Z,2025-07-25T15:55:17.783Z
kabupaten_kota,08,3208,KAB. KUNINGAN,32,2025-07-25T15:55:17.783Z,2025-07-25T15:55:17.783Z
kabupaten_kota,09,3209,KAB. CIREBON,32,2025-07-25T15:55:17.783Z,2025-07-25T15:55:17.783Z
kabupaten_kota,10,3310,KAB. KLATEN,33,2025-07-25T15:55:17.783Z,2025-07-25T15:55:17.783Z
kabupaten_kota,11,3311,KAB. SUKOHARJO,33,2025-07-25T15:55:17.783Z,2025-07-25T15:55:17.783Z
kabupaten_kota,12,3312,KAB. WONOGIRI,33,2025-07-25T15:55:17.783Z,2025-07-25T15:55:17.783Z
kabupaten_kota,13,3313,KAB. KARANGANYAR,33,2025-07-25T15:55:17.783Z,2025-07-25T15:55:17.783Z
kabupaten_kota,14,3314,KAB. SRAGEN,33,2025-07-25T15:55:17.783Z,2025-07-25T15:55:17.783Z
kabupaten_kota,15,3315,KAB. GROBOGAN,33,2025-07-25T15:55:17.783Z,2025-07-25T15:55:17.783Z
kabupaten_kota,16,3316,KAB. BLORA,33,2025-07-25T15:55:17.783Z,2025-07-25T15:55:17.783Z
kabupaten_kota,17,3317,KAB. REMBANG,33,2025-07-25T15:55:17.783Z,2025-07-25T15:55:17.783Z
kabupaten_kota,18,3318,KAB. PATI,33,2025-07-25T15:55:17.783Z,2025-07-25T15:55:17.783Z
kabupaten_kota,19,3319,KAB. KUDUS,33,2025-07-25T15:55:17.783Z,2025-07-25T15:55:17.783Z
kabupaten_kota,20,3320,KAB. JEPARA,33,2025-07-25T15:55:17.783Z,2025-07-25T15:55:17.783Z
kabupaten_kota,21,3321,KAB. DEMAK,33,2025-07-25T15:55:17.783Z,2025-07-25T15:55:17.783Z
kabupaten_kota,22,3322,KAB. SEMARANG,33,2025-07-25T15:55:17.783Z,2025-07-25T15:55:17.783Z
kabupaten_kota,23,3323,KAB. TEMANGGUNG,33,2025-07-25T15:55:17.783Z,2025-07-25T15:55:17.783Z
kabupaten_kota,24,3324,KAB. KENDAL,33,2025-07-25T15:55:17.783Z,2025-07-25T15:55:17.783Z
kabupaten_kota,25,3325,KAB. BATANG,33,2025-07-25T15:55:17.783Z,2025-07-25T15:55:17.783Z
kabupaten_kota,26,3326,KAB. PEKALONGAN,33,2025-07-25T15:55:17.783Z,2025-07-25T15:55:17.783Z
kabupaten_kota,27,3327,KAB. PEMALANG,33,2025-07-25T15:55:17.783Z,2025-07-25T15:55:17.783Z
kabupaten_kota,28,3328,KAB. TEGAL,33,2025-07-25T15:55:17.783Z,2025-07-25T15:55:17.783Z
kabupaten_kota,29,3329,KAB. BREBES,33,2025-07-25T15:55:17.783Z,2025-07-25T15:55:17.783Z
kabupaten_kota,71,3371,KOTA MAGELANG,33,2025-07-25T15:55:17.783Z,2025-07-25T15:55:17.783Z
kabupaten_kota,72,3372,KOTA SURAKARTA,33,2025-07-25T15:55:17.783Z,2025-07-25T15:55:17.783Z
kabupaten_kota,73,3373,KOTA SALATIGA,33,2025-07-25T15:55:17.783Z,2025-07-25T15:55:17.783Z
kabupaten_kota,74,3374,KOTA SEMARANG,33,2025-07-25T15:55:17.783Z,2025-07-25T15:55:17.783Z
kabupaten_kota,75,3375,KOTA PEKALONGAN,33,2025-07-25T15:55:17.783Z,2025-07-25T15:55:17.783Z
kabupaten_kota,76,3376,KOTA TEGAL,33,2025-07-25T15:55:17.783Z,2025-07-25T15:55:17.783Z
kabupaten_kota,01,3301,KAB. CILACAP,33,2025-07-25T15:55:17.783Z,2025-07-25T15:55:17.783Z
kabupaten_kota,02,3302,KAB. BANYUMAS,33,2025-07-25T15:55:17.783Z,2025-07-25T15:55:17.783Z
kabupaten_kota,03,3303,KAB. PURBALINGGA,33,2025-07-25T15:55:17.783Z,2025-07-25T15:55:17.783Z
kabupaten_kota,04,3304,KAB. BANJARNEGARA,33,2025-07-25T15:55:17.783Z,2025-07-25T15:55:17.783Z
kabupaten_kota,05,3305,KAB. KEBUMEN,33,2025-07-25T15:55:17.783Z,2025-07-25T15:55:17.783Z
kabupaten_kota,06,3306,KAB. PURWOREJO,33,2025-07-25T15:55:17.783Z,2025-07-25T15:55:17.783Z
kabupaten_kota,07,3307,KAB. WONOSOBO,33,2025-07-25T15:55:17.783Z,2025-07-25T15:55:17.783Z
kabupaten_kota,08,3308,KAB. MAGELANG,33,2025-07-25T15:55:17.783Z,2025-07-25T15:55:17.783Z
kabupaten_kota,09,3309,KAB. BOYOLALI,33,2025-07-25T15:55:17.783Z,2025-07-25T15:55:17.783Z
kabupaten_kota,71,3471,KOTA YOGYAKARTA,34,2025-07-25T15:55:17.783Z,2025-07-25T15:55:17.783Z
kabupaten_kota,01,3401,KAB. KULON PROGO,34,2025-07-25T15:55:17.783Z,2025-07-25T15:55:17.783Z
kabupaten_kota,02,3402,KAB. BANTUL,34,2025-07-25T15:55:17.783Z,2025-07-25T15:55:17.783Z
kabupaten_kota,03,3403,KAB. GUNUNGKIDUL,34,2025-07-25T15:55:17.783Z,2025-07-25T15:55:17.783Z
kabupaten_kota,04,3404,KAB. SLEMAN,34,2025-07-25T15:55:17.783Z,2025-07-25T15:55:17.783Z
kabupaten_kota,10,3510,KAB. BANYUWANGI,35,2025-07-25T15:55:17.783Z,2025-07-25T15:55:17.783Z
kabupaten_kota,11,3511,KAB. BONDOWOSO,35,2025-07-25T15:55:17.783Z,2025-07-25T15:55:17.783Z
kabupaten_kota,12,3512,KAB. SITUBONDO,35,2025-07-25T15:55:17.783Z,2025-07-25T15:55:17.783Z
kabupaten_kota,13,3513,KAB. PROBOLINGGO,35,2025-07-25T15:55:17.783Z,2025-07-25T15:55:17.783Z
kabupaten_kota,14,3514,KAB. PASURUAN,35,2025-07-25T15:55:17.783Z,2025-07-25T15:55:17.783Z
kabupaten_kota,15,3515,KAB. SIDOARJO,35,2025-07-25T15:55:17.783Z,2025-07-25T15:55:17.783Z
kabupaten_kota,16,3516,KAB. MOJOKERTO,35,2025-07-25T15:55:17.783Z,2025-07-25T15:55:17.783Z
kabupaten_kota,17,3517,KAB. JOMBANG,35,2025-07-25T15:55:17.783Z,2025-07-25T15:55:17.783Z
kabupaten_kota,18,3518,KAB. NGANJUK,35,2025-07-25T15:55:17.783Z,2025-07-25T15:55:17.783Z
kabupaten_kota,19,3519,KAB. MADIUN,35,2025-07-25T15:55:17.783Z,2025-07-25T15:55:17.783Z
kabupaten_kota,20,3520,KAB. MAGETAN,35,2025-07-25T15:55:17.783Z,2025-07-25T15:55:17.783Z
kabupaten_kota,21,3521,KAB. NGAWI,35,2025-07-25T15:55:17.783Z,2025-07-25T15:55:17.783Z
kabupaten_kota,22,3522,KAB. BOJONEGORO,35,2025-07-25T15:55:17.783Z,2025-07-25T15:55:17.783Z
kabupaten_kota,23,3523,KAB. TUBAN,35,2025-07-25T15:55:17.783Z,2025-07-25T15:55:17.783Z
kabupaten_kota,24,3524,KAB. LAMONGAN,35,2025-07-25T15:55:17.783Z,2025-07-25T15:55:17.783Z
kabupaten_kota,25,3525,KAB. GRESIK,35,2025-07-25T15:55:17.783Z,2025-07-25T15:55:17.783Z
kabupaten_kota,26,3526,KAB. BANGKALAN,35,2025-07-25T15:55:17.783Z,2025-07-25T15:55:17.783Z
kabupaten_kota,27,3527,KAB. SAMPANG,35,2025-07-25T15:55:17.783Z,2025-07-25T15:55:17.783Z
kabupaten_kota,28,3528,KAB. PAMEKASAN,35,2025-07-25T15:55:17.783Z,2025-07-25T15:55:17.783Z
kabupaten_kota,29,3529,KAB. SUMENEP,35,2025-07-25T15:55:17.783Z,2025-07-25T15:55:17.783Z
kabupaten_kota,71,3571,KOTA KEDIRI,35,2025-07-25T15:55:17.783Z,2025-07-25T15:55:17.783Z
kabupaten_kota,72,3572,KOTA BLITAR,35,2025-07-25T15:55:17.783Z,2025-07-25T15:55:17.783Z
kabupaten_kota,73,3573,KOTA MALANG,35,2025-07-25T15:55:17.783Z,2025-07-25T15:55:17.783Z
kabupaten_kota,74,3574,KOTA PROBOLINGGO,35,2025-07-25T15:55:17.783Z,2025-07-25T15:55:17.783Z
kabupaten_kota,75,3575,KOTA PASURUAN,35,2025-07-25T15:55:17.783Z,2025-07-25T15:55:17.783Z
kabupaten_kota,76,3576,KOTA MOJOKERTO,35,2025-07-25T15:55:17.783Z,2025-07-25T15:55:17.783Z
kabupaten_kota,77,3577,KOTA MADIUN,35,2025-07-25T15:55:17.783Z,2025-07-25T15:55:17.783Z
kabupaten_kota,78,3578,KOTA SURABAYA,35,2025-07-25T15:55:17.783Z,2025-07-25T15:55:17.783Z
kabupaten_kota,79,3579,KOTA BATU,35,2025-07-25T15:55:17.783Z,2025-07-25T15:55:17.783Z
kabupaten_kota,01,3501,KAB. PACITAN,35,2025-07-25T15:55:17.783Z,2025-07-25T15:55:17.783Z
kabupaten_kota,02,3502,KAB. PONOROGO,35,2025-07-25T15:55:17.783Z,2025-07-25T15:55:17.783Z
kabupaten_kota,03,3503,KAB. TRENGGALEK,35,2025-07-25T15:55:17.783Z,2025-07-25T15:55:17.783Z
kabupaten_kota,04,3504,KAB. TULUNGAGUNG,35,2025-07-25T15:55:17.783Z,2025-07-25T15:55:17.783Z
kabupaten_kota,05,3505,KAB. BLITAR,35,2025-07-25T15:55:17.783Z,2025-07-25T15:55:17.783Z
kabupaten_kota,06,3506,KAB. KEDIRI,35,2025-07-25T15:55:17.783Z,2025-07-25T15:55:17.783Z
kabupaten_kota,07,3507,KAB. MALANG,35,2025-07-25T15:55:17.783Z,2025-07-25T15:55:17.783Z
kabupaten_kota,08,3508,KAB. LUMAJANG,35,2025-07-25T15:55:17.783Z,2025-07-25T15:55:17.783Z
kabupaten_kota,09,3509,KAB. JEMBER,35,2025-07-25T15:55:17.783Z,2025-07-25T15:55:17.783Z
kabupaten_kota,71,3671,KOTA TANGERANG,36,2025-07-25T15:55:17.783Z,2025-07-25T15:55:17.783Z
kabupaten_kota,72,3672,KOTA CILEGON,36,2025-07-25T15:55:17.783Z,2025-07-25T15:55:17.783Z
kabupaten_kota,73,3673,KOTA SERANG,36,2025-07-25T15:55:17.783Z,2025-07-25T15:55:17.783Z
kabupaten_kota,74,3674,KOTA TANGERANG SELATAN,36,2025-07-25T15:55:17.783Z,2025-07-25T15:55:17.783Z
kabupaten_kota,01,3601,KAB. PANDEGLANG,36,2025-07-25T15:55:17.783Z,2025-07-25T15:55:17.783Z
kabupaten_kota,02,3602,KAB. LEBAK,36,2025-07-25T15:55:17.783Z,2025-07-25T15:55:17.783Z
kabupaten_kota,03,3603,KAB. TANGERANG,36,2025-07-25T15:55:17.783Z,2025-07-25T15:55:17.783Z
kabupaten_kota,04,3604,KAB. SERANG,36,2025-07-25T15:55:17.783Z,2025-07-25T15:55:17.783Z
kabupaten_kota,71,5171,KOTA DENPASAR,51,2025-07-25T15:55:17.783Z,2025-07-25T15:55:17.783Z
kabupaten_kota,01,5101,KAB. JEMBRANA,51,2025-07-25T15:55:17.783Z,2025-07-25T15:55:17.783Z
kabupaten_kota,02,5102,KAB. TABANAN,51,2025-07-25T15:55:17.783Z,2025-07-25T15:55:17.783Z
kabupaten_kota,03,5103,KAB. BADUNG,51,2025-07-25T15:55:17.783Z,2025-07-25T15:55:17.783Z
kabupaten_kota,04,5104,KAB. GIANYAR,51,2025-07-25T15:55:17.783Z,2025-07-25T15:55:17.783Z
kabupaten_kota,05,5105,KAB. KLUNGKUNG,51,2025-07-25T15:55:17.783Z,2025-07-25T15:55:17.783Z
kabupaten_kota,06,5106,KAB. BANGLI,51,2025-07-25T15:55:17.783Z,2025-07-25T15:55:17.783Z
kabupaten_kota,07,5107,KAB. KARANGASEM,51,2025-07-25T15:55:17.783Z,2025-07-25T15:55:17.783Z
kabupaten_kota,08,5108,KAB. BULELENG,51,2025-07-25T15:55:17.783Z,2025-07-25T15:55:17.783Z
kabupaten_kota,71,5271,KOTA MATARAM,52,2025-07-25T15:55:17.783Z,2025-07-25T15:55:17.783Z
kabupaten_kota,72,5272,KOTA BIMA,52,2025-07-25T15:55:17.783Z,2025-07-25T15:55:17.783Z
kabupaten_kota,01,5201,KAB. LOMBOK BARAT,52,2025-07-25T15:55:17.783Z,2025-07-25T15:55:17.783Z
kabupaten_kota,02,5202,KAB. LOMBOK TENGAH,52,2025-07-25T15:55:17.783Z,2025-07-25T15:55:17.783Z
kabupaten_kota,03,5203,KAB. LOMBOK TIMUR,52,2025-07-25T15:55:17.783Z,2025-07-25T15:55:17.783Z
kabupaten_kota,04,5204,KAB. SUMBAWA,52,2025-07-25T15:55:17.783Z,2025-07-25T15:55:17.783Z
kabupaten_kota,05,5205,KAB. DOMPU,52,2025-07-25T15:55:17.783Z,2025-07-25T15:55:17.783Z
kabupaten_kota,06,5206,KAB. BIMA,52,2025-07-25T15:55:17.783Z,2025-07-25T15:55:17.783Z
kabupaten_kota,07,5207,KAB. SUMBAWA BARAT,52,2025-07-25T15:55:17.783Z,2025-07-25T15:55:17.783Z
kabupaten_kota,08,5208,KAB. LOMBOK UTARA,52,2025-07-25T15:55:17.783Z,2025-07-25T15:55:17.783Z
kabupaten_kota,10,5310,KAB. SIKKA,53,2025-07-25T15:55:17.783Z,2025-07-25T15:55:17.783Z
kabupaten_kota,11,5311,KAB. ENDE,53,2025-07-25T15:55:17.783Z,2025-07-25T15:55:17.783Z
kabupaten_kota,12,5312,KAB. NGADA,53,2025-07-25T15:55:17.783Z,2025-07-25T15:55:17.783Z
kabupaten_kota,13,5313,KAB. MANGGARAI,53,2025-07-25T15:55:17.783Z,2025-07-25T15:55:17.783Z
kabupaten_kota,14,5314,KAB. ROTE NDAO,53,2025-07-25T15:55:17.783Z,2025-07-25T15:55:17.783Z
kabupaten_kota,15,5315,KAB. MANGGARAI BARAT,53,2025-07-25T15:55:17.783Z,2025-07-25T15:55:17.783Z
kabupaten_kota,16,5316,KAB. SUMBA TENGAH,53,2025-07-25T15:55:17.783Z,2025-07-25T15:55:17.783Z
kabupaten_kota,17,5317,KAB. SUMBA BARAT DAYA,53,2025-07-25T15:55:17.783Z,2025-07-25T15:55:17.783Z
kabupaten_kota,18,5318,KAB. NAGEKEO,53,2025-07-25T15:55:17.783Z,2025-07-25T15:55:17.783Z
kabupaten_kota,19,5319,KAB. MANGGARAI TIMUR,53,2025-07-25T15:55:17.783Z,2025-07-25T15:55:17.783Z
kabupaten_kota,20,5320,KAB. SABU RAIJUA,53,2025-07-25T15:55:17.783Z,2025-07-25T15:55:17.783Z
kabupaten_kota,21,5321,KAB. MALAKA,53,2025-07-25T15:55:17.783Z,2025-07-25T15:55:17.783Z
kabupaten_kota,71,5371,KOTA KUPANG,53,2025-07-25T15:55:17.783Z,2025-07-25T15:55:17.783Z
kabupaten_kota,01,5301,KAB. SUMBA BARAT,53,2025-07-25T15:55:17.783Z,2025-07-25T15:55:17.783Z
kabupaten_kota,02,5302,KAB. SUMBA TIMUR,53,2025-07-25T15:55:17.783Z,2025-07-25T15:55:17.783Z
kabupaten_kota,03,5303,KAB. KUPANG,53,2025-07-25T15:55:17.783Z,2025-07-25T15:55:17.783Z
kabupaten_kota,04,5304,KAB TIMOR TENGAH SELATAN,53,2025-07-25T15:55:17.783Z,2025-07-25T15:55:17.783Z
kabupaten_kota,05,5305,KAB. TIMOR TENGAH UTARA,53,2025-07-25T15:55:17.783Z,2025-07-25T15:55:17.783Z
kabupaten_kota,06,5306,KAB. BELU,53,2025-07-25T15:55:17.783Z,2025-07-25T15:55:17.783Z
kabupaten_kota,07,5307,KAB. ALOR,53,2025-07-25T15:55:17.783Z,2025-07-25T15:55:17.783Z
kabupaten_kota,08,5308,KAB. LEMBATA,53,2025-07-25T15:55:17.783Z,2025-07-25T15:55:17.783Z
kabupaten_kota,09,5309,KAB. FLORES TIMUR,53,2025-07-25T15:55:17.783Z,2025-07-25T15:55:17.783Z
kabupaten_kota,10,6110,KAB. MELAWI,61,2025-07-25T15:55:17.783Z,2025-07-25T15:55:17.783Z
kabupaten_kota,11,6111,KAB. KAYONG UTARA,61,2025-07-25T15:55:17.783Z,2025-07-25T15:55:17.783Z
kabupaten_kota,12,6112,KAB. KUBU RAYA,61,2025-07-25T15:55:17.783Z,2025-07-25T15:55:17.783Z
kabupaten_kota,71,6171,KOTA PONTIANAK,61,2025-07-25T15:55:17.783Z,2025-07-25T15:55:17.783Z
kabupaten_kota,72,6172,KOTA SINGKAWANG,61,2025-07-25T15:55:17.783Z,2025-07-25T15:55:17.783Z
kabupaten_kota,01,6101,KAB. SAMBAS,61,2025-07-25T15:55:17.783Z,2025-07-25T15:55:17.783Z
kabupaten_kota,02,6102,KAB. BENGKAYANG,61,2025-07-25T15:55:17.783Z,2025-07-25T15:55:17.783Z
kabupaten_kota,03,6103,KAB. LANDAK,61,2025-07-25T15:55:17.783Z,2025-07-25T15:55:17.783Z
kabupaten_kota,04,6104,KAB. MEMPAWAH,61,2025-07-25T15:55:17.783Z,2025-07-25T15:55:17.783Z
kabupaten_kota,05,6105,KAB. SANGGAU,61,2025-07-25T15:55:17.783Z,2025-07-25T15:55:17.783Z
kabupaten_kota,06,6106,KAB. KETAPANG,61,2025-07-25T15:55:17.783Z,2025-07-25T15:55:17.783Z
kabupaten_kota,07,6107,KAB. SINTANG,61,2025-07-25T15:55:17.783Z,2025-07-25T15:55:17.783Z
kabupaten_kota,08,6108,KAB. KAPUAS HULU,61,2025-07-25T15:55:17.783Z,2025-07-25T15:55:17.783Z
kabupaten_kota,09,6109,KAB. SEKADAU,61,2025-07-25T15:55:17.783Z,2025-07-25T15:55:17.783Z
kabupaten_kota,10,6210,KAB. PULANG PISAU,62,2025-07-25T15:55:17.783Z,2025-07-25T15:55:17.783Z
kabupaten_kota,11,6211,KAB. GUNUNG MAS,62,2025-07-25T15:55:17.783Z,2025-07-25T15:55:17.783Z
kabupaten_kota,12,6212,KAB. BARITO TIMUR,62,2025-07-25T15:55:17.783Z,2025-07-25T15:55:17.783Z
kabupaten_kota,13,6213,KAB. MURUNG RAYA,62,2025-07-25T15:55:17.783Z,2025-07-25T15:55:17.783Z
kabupaten_kota,71,6271,KOTA PALANGKARAYA,62,2025-07-25T15:55:17.783Z,2025-07-25T15:55:17.783Z
kabupaten_kota,01,6201,KAB. KOTAWARINGIN BARAT,62,2025-07-25T15:55:17.783Z,2025-07-25T15:55:17.783Z
kabupaten_kota,02,6202,KAB. KOTAWARINGIN TIMUR,62,2025-07-25T15:55:17.783Z,2025-07-25T15:55:17.783Z
kabupaten_kota,03,6203,KAB. KAPUAS,62,2025-07-25T15:55:17.783Z,2025-07-25T15:55:17.783Z
kabupaten_kota,04,6204,KAB. BARITO SELATAN,62,2025-07-25T15:55:17.783Z,2025-07-25T15:55:17.783Z
kabupaten_kota,05,6205,KAB. BARITO UTARA,62,2025-07-25T15:55:17.783Z,2025-07-25T15:55:17.783Z
kabupaten_kota,06,6206,KAB. SUKAMARA,62,2025-07-25T15:55:17.783Z,2025-07-25T15:55:17.783Z
kabupaten_kota,07,6207,KAB. LAMANDAU,62,2025-07-25T15:55:17.783Z,2025-07-25T15:55:17.783Z
kabupaten_kota,08,6208,KAB. SERUYAN,62,2025-07-25T15:55:17.783Z,2025-07-25T15:55:17.783Z
kabupaten_kota,09,6209,KAB. KATINGAN,62,2025-07-25T15:55:17.783Z,2025-07-25T15:55:17.783Z
kabupaten_kota,10,6310,KAB. TANAH BUMBU,63,2025-07-25T15:55:17.783Z,2025-07-25T15:55:17.783Z
kabupaten_kota,11,6311,KAB. BALANGAN,63,2025-07-25T15:55:17.783Z,2025-07-25T15:55:17.783Z
kabupaten_kota,71,6371,KOTA BANJARMASIN,63,2025-07-25T15:55:17.783Z,2025-07-25T15:55:17.783Z
kabupaten_kota,72,6372,KOTA BANJARBARU,63,2025-07-25T15:55:17.783Z,2025-07-25T15:55:17.783Z
kabupaten_kota,01,6301,KAB. TANAH LAUT,63,2025-07-25T15:55:17.783Z,2025-07-25T15:55:17.783Z
kabupaten_kota,02,6302,KAB. KOTABARU,63,2025-07-25T15:55:17.783Z,2025-07-25T15:55:17.783Z
kabupaten_kota,03,6303,KAB. BANJAR,63,2025-07-25T15:55:17.783Z,2025-07-25T15:55:17.783Z
kabupaten_kota,04,6304,KAB. BARITO KUALA,63,2025-07-25T15:55:17.783Z,2025-07-25T15:55:17.783Z
kabupaten_kota,05,6305,KAB. TAPIN,63,2025-07-25T15:55:17.783Z,2025-07-25T15:55:17.783Z
kabupaten_kota,06,6306,KAB. HULU SUNGAI SELATAN,63,2025-07-25T15:55:17.783Z,2025-07-25T15:55:17.783Z
kabupaten_kota,07,6307,KAB. HULU SUNGAI TENGAH,63,2025-07-25T15:55:17.783Z,2025-07-25T15:55:17.783Z
kabupaten_kota,08,6308,KAB. HULU SUNGAI UTARA,63,2025-07-25T15:55:17.783Z,2025-07-25T15:55:17.783Z
kabupaten_kota,09,6309,KAB. TABALONG,63,2025-07-25T15:55:17.783Z,2025-07-25T15:55:17.783Z
kabupaten_kota,11,6411,KAB. MAHAKAM ULU,64,2025-07-25T15:55:17.783Z,2025-07-25T15:55:17.783Z
kabupaten_kota,71,6471,KOTA BALIKPAPAN,64,2025-07-25T15:55:17.783Z,2025-07-25T15:55:17.783Z
kabupaten_kota,72,6472,KOTA SAMARINDA,64,2025-07-25T15:55:17.783Z,2025-07-25T15:55:17.783Z
kabupaten_kota,74,6474,KOTA BONTANG,64,2025-07-25T15:55:17.783Z,2025-07-25T15:55:17.783Z
kabupaten_kota,01,6401,KAB. PASER,64,2025-07-25T15:55:17.783Z,2025-07-25T15:55:17.783Z
kabupaten_kota,02,6402,KAB. KUTAI BARAT,64,2025-07-25T15:55:17.783Z,2025-07-25T15:55:17.783Z
kabupaten_kota,03,6403,KAB. KUTAI KARTANEGARA,64,2025-07-25T15:55:17.783Z,2025-07-25T15:55:17.783Z
kabupaten_kota,04,6404,KAB. KUTAI TIMUR,64,2025-07-25T15:55:17.783Z,2025-07-25T15:55:17.783Z
kabupaten_kota,05,6405,KAB. BERAU,64,2025-07-25T15:55:17.783Z,2025-07-25T15:55:17.783Z
kabupaten_kota,09,6409,KAB. PENAJAM PASER UTARA,64,2025-07-25T15:55:17.783Z,2025-07-25T15:55:17.783Z
kabupaten_kota,71,6571,KOTA TARAKAN,65,2025-07-25T15:55:17.783Z,2025-07-25T15:55:17.783Z
kabupaten_kota,01,6501,KAB. MALINAU,65,2025-07-25T15:55:17.783Z,2025-07-25T15:55:17.783Z
kabupaten_kota,02,6502,KAB. BULUNGAN,65,2025-07-25T15:55:17.783Z,2025-07-25T15:55:17.783Z
kabupaten_kota,03,6503,KAB. TANA TIDUNG,65,2025-07-25T15:55:17.783Z,2025-07-25T15:55:17.783Z
kabupaten_kota,04,6504,KAB. NUNUKAN,65,2025-07-25T15:55:17.783Z,2025-07-25T15:55:17.783Z
kabupaten_kota,10,7110,KAB. BOLAANG MONGONDOW SELATAN,71,2025-07-25T15:55:17.783Z,2025-07-25T15:55:17.783Z
kabupaten_kota,11,7111,KAB. BOLAANG MONGONDOW TIMUR,71,2025-07-25T15:55:17.783Z,2025-07-25T15:55:17.783Z
kabupaten_kota,71,7171,KOTA MANADO,71,2025-07-25T15:55:17.783Z,2025-07-25T15:55:17.783Z
kabupaten_kota,72,7172,KOTA BITUNG,71,2025-07-25T15:55:17.783Z,2025-07-25T15:55:17.783Z
kabupaten_kota,73,7173,KOTA TOMOHON,71,2025-07-25T15:55:17.783Z,2025-07-25T15:55:17.783Z
kabupaten_kota,74,7174,KOTA KOTAMOBAGU,71,2025-07-25T15:55:17.783Z,2025-07-25T15:55:17.783Z
kabupaten_kota,01,7101,KAB. BOLAANG MONGONDOW,71,2025-07-25T15:55:17.783Z,2025-07-25T15:55:17.783Z
kabupaten_kota,02,7102,KAB. MINAHASA,71,2025-07-25T15:55:17.783Z,2025-07-25T15:55:17.783Z
kabupaten_kota,03,7103,KAB. KEPULAUAN SANGIHE,71,2025-07-25T15:55:17.783Z,2025-07-25T15:55:17.783Z
kabupaten_kota,04,7104,KAB. KEPULAUAN TALAUD,71,2025-07-25T15:55:17.783Z,2025-07-25T15:55:17.783Z
kabupaten_kota,05,7105,KAB. MINAHASA SELATAN,71,2025-07-25T15:55:17.783Z,2025-07-25T15:55:17.783Z
kabupaten_kota,06,7106,KAB. MINAHASA UTARA,71,2025-07-25T15:55:17.783Z,2025-07-25T15:55:17.783Z
kabupaten_kota,07,7107,KAB. BOLAANG MONGONDOW UTARA,71,2025-07-25T15:55:17.783Z,2025-07-25T15:55:17.783Z
kabupaten_kota,08,7108,KAB. KEP. SIAU TAGULANDANG BIARO,71,2025-07-25T15:55:17.783Z,2025-07-25T15:55:17.783Z
kabupaten_kota,09,7109,KAB. MINAHASA TENGGARA,71,2025-07-25T15:55:17.783Z,2025-07-25T15:55:17.783Z
kabupaten_kota,10,7210,KAB. SIGI,72,2025-07-25T15:55:17.783Z,2025-07-25T15:55:17.783Z
kabupaten_kota,11,7211,KAB. BANGGAI LAUT,72,2025-07-25T15:55:17.783Z,2025-07-25T15:55:17.783Z
kabupaten_kota,12,7212,KAB. MOROWALI UTARA,72,2025-07-25T15:55:17.783Z,2025-07-25T15:55:17.783Z
kabupaten_kota,71,7271,KOTA PALU,72,2025-07-25T15:55:17.783Z,2025-07-25T15:55:17.783Z
kabupaten_kota,01,7201,KAB. BANGGAI KEPULAUAN,72,2025-07-25T15:55:17.783Z,2025-07-25T15:55:17.783Z
kabupaten_kota,02,7202,KAB. BANGGAI,72,2025-07-25T15:55:17.783Z,2025-07-25T15:55:17.783Z
kabupaten_kota,03,7203,KAB. MOROWALI,72,2025-07-25T15:55:17.783Z,2025-07-25T15:55:17.783Z
kabupaten_kota,04,7204,KAB. POSO,72,2025-07-25T15:55:17.783Z,2025-07-25T15:55:17.783Z
kabupaten_kota,05,7205,KAB. DONGGALA,72,2025-07-25T15:55:17.783Z,2025-07-25T15:55:17.783Z
kabupaten_kota,06,7206,KAB. TOLI TOLI,72,2025-07-25T15:55:17.783Z,2025-07-25T15:55:17.783Z
kabupaten_kota,07,7207,KAB. BUOL,72,2025-07-25T15:55:17.783Z,2025-07-25T15:55:17.783Z
kabupaten_kota,08,7208,KAB. PARIGI MOUTONG,72,2025-07-25T15:55:17.783Z,2025-07-25T15:55:17.783Z
kabupaten_kota,09,7209,KAB. TOJO UNA UNA,72,2025-07-25T15:55:17.783Z,2025-07-25T15:55:17.783Z
kabupaten_kota,10,7310,KAB. BARRU,73,2025-07-25T15:55:17.783Z,2025-07-25T15:55:17.783Z
kabupaten_kota,11,7311,KAB. BONE,73,2025-07-25T15:55:17.783Z,2025-07-25T15:55:17.783Z
kabupaten_kota,12,7312,KAB. SOPPENG,73,2025-07-25T15:55:17.783Z,2025-07-25T15:55:17.783Z
kabupaten_kota,13,7313,KAB. WAJO,73,2025-07-25T15:55:17.783Z,2025-07-25T15:55:17.783Z
kabupaten_kota,14,7314,KAB. SIDENRENG RAPPANG,73,2025-07-25T15:55:17.783Z,2025-07-25T15:55:17.783Z
kabupaten_kota,15,7315,KAB. PINRANG,73,2025-07-25T15:55:17.783Z,2025-07-25T15:55:17.783Z
kabupaten_kota,16,7316,KAB. ENREKANG,73,2025-07-25T15:55:17.783Z,2025-07-25T15:55:17.783Z
kabupaten_kota,17,7317,KAB. LUWU,73,2025-07-25T15:55:17.783Z,2025-07-25T15:55:17.783Z
kabupaten_kota,18,7318,KAB. TANA TORAJA,73,2025-07-25T15:55:17.783Z,2025-07-25T15:55:17.783Z
kabupaten_kota,22,7322,KAB. LUWU UTARA,73,2025-07-25T15:55:17.783Z,2025-07-25T15:55:17.783Z
kabupaten_kota,25,7325,KAB. LUWU TIMUR,73,2025-07-25T15:55:17.783Z,2025-07-25T15:55:17.783Z
kabupaten_kota,26,7326,KAB. TORAJA UTARA,73,2025-07-25T15:55:17.783Z,2025-07-25T15:55:17.783Z
kabupaten_kota,71,7371,KOTA MAKASSAR,73,2025-07-25T15:55:17.783Z,2025-07-25T15:55:17.783Z
kabupaten_kota,72,7372,KOTA PAREPARE,73,2025-07-25T15:55:17.783Z,2025-07-25T15:55:17.783Z
kabupaten_kota,73,7373,KOTA PALOPO,73,2025-07-25T15:55:17.783Z,2025-07-25T15:55:17.783Z
kabupaten_kota,01,7301,KAB. KEPULAUAN SELAYAR,73,2025-07-25T15:55:17.783Z,2025-07-25T15:55:17.783Z
kabupaten_kota,02,7302,KAB. BULUKUMBA,73,2025-07-25T15:55:17.783Z,2025-07-25T15:55:17.783Z
kabupaten_kota,03,7303,KAB. BANTAENG,73,2025-07-25T15:55:17.783Z,2025-07-25T15:55:17.783Z
kabupaten_kota,04,7304,KAB. JENEPONTO,73,2025-07-25T15:55:17.783Z,2025-07-25T15:55:17.783Z
kabupaten_kota,05,7305,KAB. TAKALAR,73,2025-07-25T15:55:17.783Z,2025-07-25T15:55:17.783Z
kabupaten_kota,06,7306,KAB. GOWA,73,2025-07-25T15:55:17.783Z,2025-07-25T15:55:17.783Z
kabupaten_kota,07,7307,KAB. SINJAI,73,2025-07-25T15:55:17.783Z,2025-07-25T15:55:17.783Z
kabupaten_kota,08,7308,KAB. MAROS,73,2025-07-25T15:55:17.783Z,2025-07-25T15:55:17.783Z
kabupaten_kota,09,7309,KAB. PANGKAJENE DAN KEPULAUAN,73,2025-07-25T15:55:17.783Z,2025-07-25T15:55:17.783Z
kabupaten_kota,10,7410,KAB. KONAWE UTARA,74,2025-07-25T15:55:17.783Z,2025-07-25T15:55:17.783Z
kabupaten_kota,11,7411,KAB. KOLAKA TIMUR,74,2025-07-25T15:55:17.783Z,2025-07-25T15:55:17.783Z
kabupaten_kota,12,7412,KAB. KONAWE KEPULAUAN,74,2025-07-25T15:55:17.783Z,2025-07-25T15:55:17.783Z
kabupaten_kota,13,7413,KAB. MUNA BARAT,74,2025-07-25T15:55:17.783Z,2025-07-25T15:55:17.783Z
kabupaten_kota,14,7414,KAB. BUTON TENGAH,74,2025-07-25T15:55:17.783Z,2025-07-25T15:55:17.783Z
kabupaten_kota,15,7415,KAB. BUTON SELATAN,74,2025-07-25T15:55:17.783Z,2025-07-25T15:55:17.783Z
kabupaten_kota,71,7471,KOTA KENDARI,74,2025-07-25T15:55:17.783Z,2025-07-25T15:55:17.783Z
kabupaten_kota,72,7472,KOTA BAU BAU,74,2025-07-25T15:55:17.783Z,2025-07-25T15:55:17.783Z
kabupaten_kota,01,7401,KAB. BUTON,74,2025-07-25T15:55:17.783Z,2025-07-25T15:55:17.783Z
kabupaten_kota,02,7402,KAB. MUNA,74,2025-07-25T15:55:17.783Z,2025-07-25T15:55:17.783Z
kabupaten_kota,03,7403,KAB. KONAWE,74,2025-07-25T15:55:17.783Z,2025-07-25T15:55:17.783Z
kabupaten_kota,04,7404,KAB. KOLAKA,74,2025-07-25T15:55:17.783Z,2025-07-25T15:55:17.783Z
kabupaten_kota,05,7405,KAB. KONAWE SELATAN,74,2025-07-25T15:55:17.783Z,2025-07-25T15:55:17.783Z
kabupaten_kota,06,7406,KAB. BOMBANA,74,2025-07-25T15:55:17.783Z,2025-07-25T15:55:17.783Z
kabupaten_kota,07,7407,KAB. WAKATOBI,74,2025-07-25T15:55:17.783Z,2025-07-25T15:55:17.783Z
kabupaten_kota,08,7408,KAB. KOLAKA UTARA,74,2025-07-25T15:55:17.783Z,2025-07-25T15:55:17.783Z
kabupaten_kota,09,7409,KAB. BUTON UTARA,74,2025-07-25T15:55:17.783Z,2025-07-25T15:55:17.783Z
kabupaten_kota,71,7571,KOTA GORONTALO,75,2025-07-25T15:55:17.783Z,2025-07-25T15:55:17.783Z
kabupaten_kota,01,7501,KAB. BOALEMO,75,2025-07-25T15:55:17.783Z,2025-07-25T15:55:17.783Z
kabupaten_kota,02,7502,KAB. GORONTALO,75,2025-07-25T15:55:17.783Z,2025-07-25T15:55:17.783Z
kabupaten_kota,03,7503,KAB. POHUWATO,75,2025-07-25T15:55:17.783Z,2025-07-25T15:55:17.783Z
kabupaten_kota,04,7504,KAB. BONE BOLANGO,75,2025-07-25T15:55:17.783Z,2025-07-25T15:55:17.783Z
kabupaten_kota,05,7505,KAB. GORONTALO UTARA,75,2025-07-25T15:55:17.783Z,2025-07-25T15:55:17.783Z
kabupaten_kota,01,7601,KAB. MAJENE,76,2025-07-25T15:55:17.783Z,2025-07-25T15:55:17.783Z
kabupaten_kota,02,7602,KAB. POLEWALI MANDAR,76,2025-07-25T15:55:17.783Z,2025-07-25T15:55:17.783Z
kabupaten_kota,03,7603,KAB. MAMASA,76,2025-07-25T15:55:17.783Z,2025-07-25T15:55:17.783Z
kabupaten_kota,04,7604,KAB. MAMUJU,76,2025-07-25T15:55:17.783Z,2025-07-25T15:55:17.783Z
kabupaten_kota,05,7605,KAB. PASANGKAYU,76,2025-07-25T15:55:17.783Z,2025-07-25T15:55:17.783Z
kabupaten_kota,06,7606,KAB. MAMUJU TENGAH,76,2025-07-25T15:55:17.783Z,2025-07-25T15:55:17.783Z
kabupaten_kota,71,8171,KOTA AMBON,81,2025-07-25T15:55:17.783Z,2025-07-25T15:55:17.783Z
kabupaten_kota,72,8172,KOTA TUAL,81,2025-07-25T15:55:17.783Z,2025-07-25T15:55:17.783Z
kabupaten_kota,01,8101,KAB. KEPULAUAN TANIMBAR,81,2025-07-25T15:55:17.783Z,2025-07-25T15:55:17.783Z
kabupaten_kota,02,8102,KAB. MALUKU TENGGARA,81,2025-07-25T15:55:17.783Z,2025-07-25T15:55:17.783Z
kabupaten_kota,03,8103,KAB. MALUKU TENGAH,81,2025-07-25T15:55:17.783Z,2025-07-25T15:55:17.783Z
kabupaten_kota,04,8104,KAB. BURU,81,2025-07-25T15:55:17.783Z,2025-07-25T15:55:17.783Z
kabupaten_kota,05,8105,KAB. KEPULAUAN ARU,81,2025-07-25T15:55:17.783Z,2025-07-25T15:55:17.783Z
kabupaten_kota,06,8106,KAB. SERAM BAGIAN BARAT,81,2025-07-25T15:55:17.783Z,2025-07-25T15:55:17.783Z
kabupaten_kota,07,8107,KAB. SERAM BAGIAN TIMUR,81,2025-07-25T15:55:17.783Z,2025-07-25T15:55:17.783Z
kabupaten_kota,08,8108,KAB. MALUKU BARAT DAYA,81,2025-07-25T15:55:17.783Z,2025-07-25T15:55:17.783Z
kabupaten_kota,09,8109,KAB. BURU SELATAN,81,2025-07-25T15:55:17.783Z,2025-07-25T15:55:17.783Z
kabupaten_kota,71,8271,KOTA TERNATE,82,2025-07-25T15:55:17.783Z,2025-07-25T15:55:17.783Z
kabupaten_kota,72,8272,KOTA TIDORE KEPULAUAN,82,2025-07-25T15:55:17.783Z,2025-07-25T15:55:17.783Z
kabupaten_kota,01,8201,KAB. HALMAHERA BARAT,82,2025-07-25T15:55:17.783Z,2025-07-25T15:55:17.783Z
kabupaten_kota,02,8202,KAB. HALMAHERA TENGAH,82,2025-07-25T15:55:17.783Z,2025-07-25T15:55:17.783Z
kabupaten_kota,03,8203,KAB. KEPULAUAN SULA,82,2025-07-25T15:55:17.783Z,2025-07-25T15:55:17.783Z
kabupaten_kota,04,8204,KAB. HALMAHERA SELATAN,82,2025-07-25T15:55:17.783Z,2025-07-25T15:55:17.783Z
kabupaten_kota,05,8205,KAB. HALMAHERA UTARA,82,2025-07-25T15:55:17.783Z,2025-07-25T15:55:17.783Z
kabupaten_kota,06,8206,KAB. HALMAHERA TIMUR,82,2025-07-25T15:55:17.783Z,2025-07-25T15:55:17.783Z
kabupaten_kota,07,8207,KAB. PULAU MOROTAI,82,2025-07-25T15:55:17.783Z,2025-07-25T15:55:17.783Z
kabupaten_kota,08,8208,KAB. PULAU TALIABU,82,2025-07-25T15:55:17.783Z,2025-07-25T15:55:17.783Z
kabupaten_kota,11,9111,KAB. MANOKWARI SELATAN,91,2025-07-25T15:55:17.783Z,2025-07-25T15:55:17.783Z
kabupaten_kota,12,9112,KAB. PEGUNUNGAN ARFAK,91,2025-07-25T15:55:17.783Z,2025-07-25T15:55:17.783Z
kabupaten_kota,01,9101,KAB. FAK FAK,91,2025-07-25T15:55:17.783Z,2025-07-25T15:55:17.783Z
kabupaten_kota,02,9102,KAB. KAIMANA,91,2025-07-25T15:55:17.783Z,2025-07-25T15:55:17.783Z
kabupaten_kota,03,9103,KAB. TELUK WONDAMA,91,2025-07-25T15:55:17.783Z,2025-07-25T15:55:17.783Z
kabupaten_kota,04,9104,KAB. TELUK BINTUNI,91,2025-07-25T15:55:17.783Z,2025-07-25T15:55:17.783Z
kabupaten_kota,05,9105,KAB. MANOKWARI,91,2025-07-25T15:55:17.783Z,2025-07-25T15:55:17.783Z
kabupaten_kota,71,9271,KOTA SORONG,92,2025-07-25T15:55:17.783Z,2025-07-25T15:55:17.783Z
kabupaten_kota,01,9201,KAB. RAJA AMPAT,92,2025-07-25T15:55:17.783Z,2025-07-25T15:55:17.783Z
kabupaten_kota,02,9202,KAB. SORONG,92,2025-07-25T15:55:17.783Z,2025-07-25T15:55:17.783Z
kabupaten_kota,03,9203,KAB. SORONG SELATAN,92,2025-07-25T15:55:17.783Z,2025-07-25T15:55:17.783Z
kabupaten_kota,04,9204,KAB. MAYBRAT,92,2025-07-25T15:55:17.783Z,2025-07-25T15:55:17.783Z
kabupaten_kota,05,9205,KAB. TAMBRAUW,92,2025-07-25T15:55:17.783Z,2025-07-25T15:55:17.783Z
kabupaten_kota,19,9419,KAB. SARMI,94,2025-07-25T15:55:17.783Z,2025-07-25T15:55:17.783Z
kabupaten_kota,20,9420,KAB. KEEROM,94,2025-07-25T15:55:17.783Z,2025-07-25T15:55:17.783Z
kabupaten_kota,26,9426,KAB. WAROPEN,94,2025-07-25T15:55:17.783Z,2025-07-25T15:55:17.783Z
kabupaten_kota,27,9427,KAB. SUPIORI,94,2025-07-25T15:55:17.783Z,2025-07-25T15:55:17.783Z
kabupaten_kota,28,9428,KAB. MAMBERAMO RAYA,94,2025-07-25T15:55:17.783Z,2025-07-25T15:55:17.783Z
kabupaten_kota,71,9471,KOTA JAYAPURA,94,2025-07-25T15:55:17.783Z,2025-07-25T15:55:17.783Z
kabupaten_kota,03,9403,KAB. JAYAPURA,94,2025-07-25T15:55:17.783Z,2025-07-25T15:55:17.783Z
kabupaten_kota,08,9408,KAB. KEPULAUAN YAPEN,94,2025-07-25T15:55:17.783Z,2025-07-25T15:55:17.783Z
kabupaten_kota,09,9409,KAB. BIAK NUMFOR,94,2025-07-25T15:55:17.783Z,2025-07-25T15:55:17.783Z
kabupaten_kota,01,9501,KAB. MERAUKE,95,2025-07-25T15:55:17.783Z,2025-07-25T15:55:17.783Z
kabupaten_kota,02,9502,KAB. BOVEN DIGOEL,95,2025-07-25T15:55:17.783Z,2025-07-25T15:55:17.783Z
kabupaten_kota,03,9503,KAB. MAPPI,95,2025-07-25T15:55:17.783Z,2025-07-25T15:55:17.783Z
kabupaten_kota,04,9504,KAB. ASMAT,95,2025-07-25T15:55:17.783Z,2025-07-25T15:55:17.783Z
kabupaten_kota,01,9601,KAB. MIMIKA,96,2025-07-25T15:55:17.783Z,2025-07-25T15:55:17.783Z
kabupaten_kota,02,9602,KAB. DOGIYAI,96,2025-07-25T15:55:17.783Z,2025-07-25T15:55:17.783Z
kabupaten_kota,03,9603,KAB. DEIYAI,96,2025-07-25T15:55:17.783Z,2025-07-25T15:55:17.783Z
kabupaten_kota,04,9604,KAB. NABIRE,96,2025-07-25T15:55:17.783Z,2025-07-25T15:55:17.783Z
kabupaten_kota,05,9605,KAB. PANIAI,96,2025-07-25T15:55:17.783Z,2025-07-25T15:55:17.783Z
kabupaten_kota,06,9606,KAB. INTAN JAYA,96,2025-07-25T15:55:17.783Z,2025-07-25T15:55:17.783Z
kabupaten_kota,07,9607,KAB. PUNCAK,96,2025-07-25T15:55:17.783Z,2025-07-25T15:55:17.783Z
kabupaten_kota,08,9608,KAB. PUNCAK JAYA,96,2025-07-25T15:55:17.783Z,2025-07-25T15:55:17.783Z
kabupaten_kota,01,9701,KAB. NDUGA,97,2025-07-25T15:55:17.783Z,2025-07-25T15:55:17.783Z
kabupaten_kota,02,9702,KAB. JAYAWIJAYA,97,2025-07-25T15:55:17.783Z,2025-07-25T15:55:17.783Z
kabupaten_kota,03,9703,KAB. LANNY JAYA,97,2025-07-25T15:55:17.783Z,2025-07-25T15:55:17.783Z
kabupaten_kota,04,9704,KAB. TOLIKARA,97,2025-07-25T15:55:17.783Z,2025-07-25T15:55:17.783Z
kabupaten_kota,05,9705,KAB. MAMBERAMO TENGAH,97,2025-07-25T15:55:17.783Z,2025-07-25T15:55:17.783Z
kabupaten_kota,06,9706,KAB. YALIMO,97,2025-07-25T15:55:17.783Z,2025-07-25T15:55:17.783Z
kabupaten_kota,07,9707,KAB. YAHUKIMO,97,2025-07-25T15:55:17.783Z,2025-07-25T15:55:17.783Z
kabupaten_kota,08,9708,KAB. PEGUNUNGAN BINTANG,97,2025-07-25T15:55:17.783Z,2025-07-25T15:55:17.783Z